Transaction_ID,Date,Drug_Name,Quantity,Unit_Price,Category,Unit_Cost
1001,2025-04-13,Insulin,6,23.51,Diabetes,16.46
1002,2025-12-15,Insulin,3,43.87,Diabetes,30.71
1003,2025-09-28,Panadol,2,11.74,Analgesics,8.22
1004,2025-04-17,Nexium,8,75.63,Gastrointestinal,52.94
1005,2025-03-13,Amoxicillin,5,52.18,Antibiotics,36.53
1006,2025-07-08,Amoxicillin,1,93.77,Antibiotics,65.64
1007,2025-01-21,Ventolin,3,51.61,Respiratory,36.13
1008,2025-04-13,Amoxicillin,8,51.99,Antibiotics,36.39
1009,2025-05-02,Lipitor,4,114.05,Cholesterol,79.83
1010,2025-08-03,Amoxicillin,7,16.74,Antibiotics,11.72
1011,2025-11-27,Ventolin,2,136.41,Respiratory,95.49
1012,2025-03-29,Amoxicillin,7,129.32,Antibiotics,90.52
1013,2025-04-10,Lipitor,5,103.49,Cholesterol,72.44
1014,2025-12-26,Panadol,5,93.05,Analgesics,65.13
1015,2025-06-01,Ventolin,6,134.92,Respiratory,94.44
1016,2025-05-11,Panadol,9,35.95,Analgesics,25.16
1017,2025-05-30,Panadol,6,21.06,Analgesics,14.74
1018,2025-11-05,Panadol,8,43.53,Analgesics,30.47
1019,2025-09-15,Insulin,7,121.24,Diabetes,84.87
1020,2025-12-10,Nexium,9,14.85,Gastrointestinal,10.4
1021,2025-10-21,Insulin,4,91.59,Diabetes,64.11
1022,2025-07-11,Nexium,2,149.36,Gastrointestinal,104.55
1023,2025-10-04,Panadol,7,129.8,Analgesics,90.86
1024,2025-06-10,Ventolin,6,83.0,Respiratory,58.1
1025,2025-11-10,Nexium,1,18.91,Gastrointestinal,13.24
1026,2025-01-22,Lipitor,9,126.39,Cholesterol,88.47
1027,2025-09-10,Lipitor,9,93.86,Cholesterol,65.7
1028,2025-08-24,Amoxicillin,2,26.09,Antibiotics,18.26
1029,2025-12-11,Nexium,3,23.14,Gastrointestinal,16.2
1030,2025-02-18,Ventolin,5,137.35,Respiratory,96.14
1031,2025-02-28,Insulin,5,103.69,Diabetes,72.58
1032,2025-06-19,Panadol,1,126.1,Analgesics,88.27
1033,2025-07-07,Amoxicillin,8,133.06,Antibiotics,93.14
1034,2025-09-28,Lipitor,8,90.05,Cholesterol,63.04
1035,2025-07-09,Insulin,4,82.44,Diabetes,57.71
1036,2025-06-24,Insulin,7,70.26,Diabetes,49.18
1037,2025-02-20,Panadol,3,54.37,Analgesics,38.06
1038,2025-12-30,Nexium,6,70.84,Gastrointestinal,49.59
1039,2025-02-24,Lipitor,9,118.34,Cholesterol,82.84
1040,2025-09-01,Ventolin,1,94.27,Respiratory,65.99
1041,2025-11-16,Insulin,5,134.95,Diabetes,94.46
1042,2025-05-11,Panadol,4,72.07,Analgesics,50.45
1043,2025-11-03,Ventolin,8,94.99,Respiratory,66.49
1044,2025-05-15,Nexium,1,98.38,Gastrointestinal,68.87
1045,2025-01-21,Lipitor,9,92.84,Cholesterol,64.99
1046,2025-11-25,Nexium,6,108.37,Gastrointestinal,75.86
1047,2025-06-16,Insulin,4,43.24,Diabetes,30.27
1048,2025-10-01,Ventolin,9,81.73,Respiratory,57.21
1049,2025-03-30,Ventolin,5,24.59,Respiratory,17.21
1050,2025-11-12,Ventolin,5,63.83,Respiratory,44.68
1051,2025-01-14,Insulin,5,78.27,Diabetes,54.79
1052,2025-08-30,Insulin,1,101.31,Diabetes,70.92
1053,2025-09-22,Nexium,1,143.07,Gastrointestinal,100.15
1054,2025-12-12,Amoxicillin,8,94.09,Antibiotics,65.86
1055,2025-02-22,Nexium,8,114.1,Gastrointestinal,79.87
1056,2025-12-06,Lipitor,6,80.88,Cholesterol,56.62
1057,2025-04-02,Panadol,4,98.77,Analgesics,69.14
1058,2025-09-21,Ventolin,2,19.93,Respiratory,13.95
1059,2025-02-04,Amoxicillin,2,45.61,Antibiotics,31.93
1060,2025-07-25,Panadol,9,60.66,Analgesics,42.46
1061,2025-03-22,Amoxicillin,5,76.15,Antibiotics,53.3
1062,2025-02-19,Nexium,4,16.39,Gastrointestinal,11.47
1063,2025-12-26,Insulin,1,29.6,Diabetes,20.72
1064,2025-01-02,Ventolin,7,48.75,Respiratory,34.12
1065,2025-02-23,Nexium,3,146.01,Gastrointestinal,102.21
1066,2025-04-16,Panadol,6,56.39,Analgesics,39.47
1067,2025-09-17,Panadol,5,77.49,Analgesics,54.24
1068,2025-11-06,Panadol,5,37.45,Analgesics,26.22
1069,2025-07-10,Panadol,5,95.51,Analgesics,66.86
1070,2025-08-06,Panadol,1,49.3,Analgesics,34.51
1071,2025-02-13,Amoxicillin,1,38.98,Antibiotics,27.29
1072,2025-06-11,Nexium,3,82.32,Gastrointestinal,57.62
1073,2025-07-21,Ventolin,4,10.77,Respiratory,7.54
1074,2025-09-27,Insulin,5,11.07,Diabetes,7.75
1075,2025-12-17,Insulin,2,40.67,Diabetes,28.47
1076,2025-10-31,Nexium,8,15.14,Gastrointestinal,10.6
1077,2025-09-28,Nexium,2,25.12,Gastrointestinal,17.58
1078,2025-08-03,Insulin,9,57.44,Diabetes,40.21
1079,2025-09-09,Insulin,2,122.36,Diabetes,85.65
1080,2025-07-09,Amoxicillin,9,90.09,Antibiotics,63.06
1081,2025-10-23,Lipitor,7,81.77,Cholesterol,57.24
1082,2025-08-01,Ventolin,8,51.09,Respiratory,35.76
1083,2025-07-27,Panadol,2,140.45,Analgesics,98.31
1084,2025-08-25,Lipitor,7,65.58,Cholesterol,45.91
1085,2025-12-04,Nexium,6,22.19,Gastrointestinal,15.53
1086,2025-02-22,Insulin,4,96.39,Diabetes,67.47
1087,2025-10-07,Lipitor,7,25.94,Cholesterol,18.16
1088,2025-08-05,Ventolin,4,58.33,Respiratory,40.83
1089,2025-09-09,Nexium,2,81.04,Gastrointestinal,56.73
1090,2025-07-07,Panadol,7,132.39,Analgesics,92.67
1091,2025-02-10,Panadol,8,79.1,Analgesics,55.37
1092,2025-06-06,Ventolin,2,108.32,Respiratory,75.82
1093,2025-01-15,Ventolin,5,148.99,Respiratory,104.29
1094,2025-10-28,Insulin,1,28.41,Diabetes,19.89
1095,2025-03-06,Panadol,7,48.46,Analgesics,33.92
1096,2025-12-11,Nexium,8,65.24,Gastrointestinal,45.67
1097,2025-11-23,Lipitor,6,69.06,Cholesterol,48.34
1098,2025-01-09,Nexium,5,67.54,Gastrointestinal,47.28
1099,2025-12-10,Amoxicillin,6,137.07,Antibiotics,95.95
1100,2025-05-09,Amoxicillin,2,109.96,Antibiotics,76.97
1101,2025-05-16,Ventolin,1,95.11,Respiratory,66.58
1102,2025-03-04,Insulin,7,53.31,Diabetes,37.32
1103,2025-05-19,Amoxicillin,7,125.33,Antibiotics,87.73
1104,2025-03-22,Panadol,2,143.71,Analgesics,100.6
1105,2025-06-12,Nexium,2,124.97,Gastrointestinal,87.48
1106,2025-10-16,Nexium,1,10.22,Gastrointestinal,7.15
1107,2025-09-18,Ventolin,8,99.1,Respiratory,69.37
1108,2025-08-19,Lipitor,8,17.16,Cholesterol,12.01
1109,2025-02-10,Ventolin,1,46.07,Respiratory,32.25
1110,2025-01-28,Lipitor,8,18.33,Cholesterol,12.83
1111,2025-05-15,Ventolin,9,94.53,Respiratory,66.17
1112,2025-07-20,Ventolin,4,106.12,Respiratory,74.28
1113,2025-11-24,Ventolin,1,26.03,Respiratory,18.22
1114,2025-09-25,Lipitor,1,63.74,Cholesterol,44.62
1115,2025-02-02,Lipitor,3,73.87,Cholesterol,51.71
1116,2025-02-17,Ventolin,5,61.67,Respiratory,43.17
1117,2025-03-03,Amoxicillin,5,26.94,Antibiotics,18.86
1118,2025-08-04,Insulin,9,68.65,Diabetes,48.06
1119,2025-10-20,Insulin,2,115.16,Diabetes,80.61
1120,2025-04-09,Insulin,2,19.94,Diabetes,13.96
1121,2025-06-21,Lipitor,6,21.23,Cholesterol,14.86
1122,2025-12-26,Lipitor,9,59.67,Cholesterol,41.77
1123,2025-08-02,Amoxicillin,1,141.84,Antibiotics,99.29
1124,2025-02-04,Insulin,9,103.6,Diabetes,72.52
1125,2025-08-15,Insulin,9,105.01,Diabetes,73.51
1126,2025-04-11,Ventolin,9,60.67,Respiratory,42.47
1127,2025-05-11,Lipitor,5,93.11,Cholesterol,65.18
1128,2025-09-14,Insulin,9,11.42,Diabetes,7.99
1129,2025-01-05,Nexium,4,99.05,Gastrointestinal,69.33
1130,2025-08-06,Amoxicillin,2,137.86,Antibiotics,96.5
1131,2025-09-12,Nexium,6,95.76,Gastrointestinal,67.03
1132,2025-12-25,Nexium,4,132.32,Gastrointestinal,92.62
1133,2025-10-10,Amoxicillin,6,111.36,Antibiotics,77.95
1134,2025-07-26,Nexium,3,26.88,Gastrointestinal,18.82
1135,2025-01-15,Insulin,6,136.34,Diabetes,95.44
1136,2025-12-12,Lipitor,2,19.3,Cholesterol,13.51
1137,2025-02-11,Amoxicillin,2,84.76,Antibiotics,59.33
1138,2025-06-28,Ventolin,9,29.9,Respiratory,20.93
1139,2025-03-04,Nexium,7,11.64,Gastrointestinal,8.15
1140,2025-12-18,Amoxicillin,3,69.08,Antibiotics,48.36
1141,2025-08-19,Panadol,1,51.31,Analgesics,35.92
1142,2025-08-29,Panadol,8,78.04,Analgesics,54.63
1143,2025-02-21,Lipitor,6,90.81,Cholesterol,63.57
1144,2025-04-06,Insulin,7,16.12,Diabetes,11.28
1145,2025-08-10,Lipitor,9,27.22,Cholesterol,19.05
1146,2025-08-19,Lipitor,5,88.21,Cholesterol,61.75
1147,2025-08-25,Lipitor,1,58.04,Cholesterol,40.63
1148,2025-05-23,Lipitor,7,112.08,Cholesterol,78.46
1149,2025-06-20,Ventolin,5,101.32,Respiratory,70.92
1150,2025-01-29,Ventolin,3,128.38,Respiratory,89.87
1151,2025-02-05,Amoxicillin,9,106.95,Antibiotics,74.86
1152,2025-01-13,Panadol,1,70.19,Analgesics,49.13
1153,2025-06-09,Lipitor,1,104.22,Cholesterol,72.95
1154,2025-11-23,Amoxicillin,1,48.55,Antibiotics,33.98
1155,2025-07-06,Panadol,3,52.88,Analgesics,37.02
1156,2025-08-31,Nexium,6,120.46,Gastrointestinal,84.32
1157,2025-03-27,Insulin,3,72.5,Diabetes,50.75
1158,2025-10-11,Ventolin,8,121.77,Respiratory,85.24
1159,2025-03-07,Nexium,2,125.14,Gastrointestinal,87.6
1160,2025-06-19,Panadol,9,130.06,Analgesics,91.04
1161,2025-02-14,Nexium,3,138.33,Gastrointestinal,96.83
1162,2025-03-03,Insulin,5,70.34,Diabetes,49.24
1163,2025-05-14,Panadol,8,54.64,Analgesics,38.25
1164,2025-10-11,Nexium,2,91.51,Gastrointestinal,64.06
1165,2025-01-28,Ventolin,6,61.96,Respiratory,43.37
1166,2025-04-18,Ventolin,5,94.15,Respiratory,65.9
1167,2025-02-13,Amoxicillin,9,108.78,Antibiotics,76.15
1168,2025-12-06,Nexium,5,106.38,Gastrointestinal,74.47
1169,2025-10-13,Lipitor,2,62.44,Cholesterol,43.71
1170,2025-11-27,Nexium,5,33.36,Gastrointestinal,23.35
1171,2025-05-08,Panadol,4,70.27,Analgesics,49.19
1172,2025-12-14,Panadol,7,29.96,Analgesics,20.97
1173,2025-08-19,Nexium,6,134.61,Gastrointestinal,94.23
1174,2025-07-09,Insulin,2,58.42,Diabetes,40.89
1175,2025-08-13,Ventolin,5,31.62,Respiratory,22.13
1176,2025-10-10,Panadol,7,13.56,Analgesics,9.49
1177,2025-05-01,Ventolin,7,100.42,Respiratory,70.29
1178,2025-04-26,Panadol,5,99.17,Analgesics,69.42
1179,2025-08-21,Amoxicillin,9,57.68,Antibiotics,40.38
1180,2025-09-16,Lipitor,4,20.04,Cholesterol,14.03
1181,2025-12-25,Panadol,3,67.35,Analgesics,47.14
1182,2025-07-17,Ventolin,4,53.57,Respiratory,37.5
1183,2025-05-17,Amoxicillin,5,104.8,Antibiotics,73.36
1184,2025-11-14,Panadol,6,94.81,Analgesics,66.37
1185,2025-06-14,Insulin,3,61.04,Diabetes,42.73
1186,2025-08-13,Lipitor,2,40.5,Cholesterol,28.35
1187,2025-11-03,Panadol,4,148.33,Analgesics,103.83
1188,2025-08-22,Amoxicillin,5,73.56,Antibiotics,51.49
1189,2025-06-21,Insulin,4,106.36,Diabetes,74.45
1190,2025-06-01,Nexium,3,29.68,Gastrointestinal,20.78
1191,2025-11-11,Amoxicillin,8,77.98,Antibiotics,54.59
1192,2025-06-09,Amoxicillin,4,13.86,Antibiotics,9.7
1193,2025-04-06,Insulin,2,80.76,Diabetes,56.53
1194,2025-08-21,Amoxicillin,2,144.96,Antibiotics,101.47
1195,2025-06-29,Insulin,1,63.79,Diabetes,44.65
1196,2025-04-23,Panadol,4,15.46,Analgesics,10.82
1197,2025-11-14,Insulin,9,14.33,Diabetes,10.03
1198,2025-02-21,Insulin,7,64.32,Diabetes,45.02
1199,2025-09-25,Lipitor,7,32.4,Cholesterol,22.68
1200,2025-10-22,Insulin,7,13.27,Diabetes,9.29
1201,2025-04-23,Insulin,8,115.87,Diabetes,81.11
1202,2025-04-11,Nexium,1,74.19,Gastrointestinal,51.93
1203,2025-04-23,Panadol,8,50.49,Analgesics,35.34
1204,2025-03-22,Lipitor,4,136.01,Cholesterol,95.21
1205,2025-07-06,Nexium,4,26.26,Gastrointestinal,18.38
1206,2025-04-23,Ventolin,4,143.83,Respiratory,100.68
1207,2025-01-02,Panadol,6,53.96,Analgesics,37.77
1208,2025-05-10,Panadol,7,134.38,Analgesics,94.07
1209,2025-08-08,Ventolin,6,94.41,Respiratory,66.09
1210,2025-02-23,Insulin,1,125.74,Diabetes,88.02
1211,2025-12-09,Nexium,8,147.76,Gastrointestinal,103.43
1212,2025-08-12,Amoxicillin,7,50.38,Antibiotics,35.27
1213,2025-08-13,Lipitor,6,144.56,Cholesterol,101.19
1214,2025-05-06,Amoxicillin,6,64.53,Antibiotics,45.17
1215,2025-05-10,Ventolin,5,63.97,Respiratory,44.78
1216,2025-02-22,Panadol,6,57.65,Analgesics,40.35
1217,2025-06-21,Panadol,9,85.8,Analgesics,60.06
1218,2025-08-06,Lipitor,9,31.58,Cholesterol,22.11
1219,2025-06-09,Panadol,8,87.52,Analgesics,61.26
1220,2025-07-17,Panadol,9,85.84,Analgesics,60.09
1221,2025-09-04,Lipitor,8,116.67,Cholesterol,81.67
1222,2025-11-20,Nexium,8,126.71,Gastrointestinal,88.7
1223,2025-07-22,Nexium,1,71.66,Gastrointestinal,50.16
1224,2025-07-03,Lipitor,5,52.33,Cholesterol,36.63
1225,2025-05-03,Ventolin,4,46.31,Respiratory,32.42
1226,2025-09-12,Panadol,2,37.25,Analgesics,26.08
1227,2025-10-21,Panadol,8,18.07,Analgesics,12.65
1228,2025-10-07,Ventolin,3,57.94,Respiratory,40.56
1229,2025-11-21,Nexium,4,47.83,Gastrointestinal,33.48
1230,2025-04-08,Insulin,7,145.3,Diabetes,101.71
1231,2025-07-17,Insulin,9,88.08,Diabetes,61.66
1232,2025-08-28,Insulin,2,58.62,Diabetes,41.03
1233,2025-05-24,Nexium,3,91.27,Gastrointestinal,63.89
1234,2025-04-07,Nexium,4,29.49,Gastrointestinal,20.64
1235,2025-07-20,Ventolin,1,72.17,Respiratory,50.52
1236,2025-05-04,Panadol,7,97.67,Analgesics,68.37
1237,2025-07-06,Ventolin,2,78.45,Respiratory,54.92
1238,2025-11-22,Ventolin,5,66.25,Respiratory,46.38
1239,2025-12-15,Nexium,1,149.14,Gastrointestinal,104.4
1240,2025-09-16,Insulin,3,133.24,Diabetes,93.27
1241,2025-05-28,Amoxicillin,2,97.28,Antibiotics,68.1
1242,2025-09-09,Panadol,1,89.71,Analgesics,62.8
1243,2025-12-12,Nexium,7,96.89,Gastrointestinal,67.82
1244,2025-05-27,Insulin,5,38.18,Diabetes,26.73
1245,2025-05-28,Amoxicillin,1,65.32,Antibiotics,45.72
1246,2025-12-18,Amoxicillin,6,15.52,Antibiotics,10.86
1247,2025-07-18,Nexium,5,76.58,Gastrointestinal,53.61
1248,2025-11-04,Lipitor,3,86.02,Cholesterol,60.21
1249,2025-05-08,Panadol,7,41.88,Analgesics,29.32
1250,2025-02-08,Amoxicillin,9,144.96,Antibiotics,101.47
1251,2025-12-04,Nexium,9,137.32,Gastrointestinal,96.12
1252,2025-12-26,Nexium,9,111.1,Gastrointestinal,77.77
1253,2025-05-09,Insulin,2,84.67,Diabetes,59.27
1254,2025-09-24,Lipitor,3,131.8,Cholesterol,92.26
1255,2025-05-31,Panadol,7,28.29,Analgesics,19.8
1256,2025-10-25,Ventolin,5,120.67,Respiratory,84.47
1257,2025-04-09,Insulin,2,27.47,Diabetes,19.23
1258,2025-09-20,Amoxicillin,3,121.19,Antibiotics,84.83
1259,2025-09-09,Amoxicillin,6,48.61,Antibiotics,34.03
1260,2025-05-24,Insulin,7,132.79,Diabetes,92.95
1261,2025-12-12,Nexium,9,142.17,Gastrointestinal,99.52
1262,2025-04-22,Amoxicillin,1,30.83,Antibiotics,21.58
1263,2025-03-01,Lipitor,7,74.77,Cholesterol,52.34
1264,2025-01-02,Panadol,8,147.34,Analgesics,103.14
1265,2025-10-31,Lipitor,3,77.68,Cholesterol,54.38
1266,2025-09-11,Amoxicillin,4,130.9,Antibiotics,91.63
1267,2025-05-20,Ventolin,6,92.42,Respiratory,64.69
1268,2025-02-06,Panadol,7,62.55,Analgesics,43.78
1269,2025-06-09,Panadol,4,50.01,Analgesics,35.01
1270,2025-01-09,Insulin,8,38.45,Diabetes,26.92
1271,2025-08-21,Insulin,5,116.65,Diabetes,81.66
1272,2025-04-09,Ventolin,1,64.12,Respiratory,44.88
1273,2025-05-27,Nexium,4,81.58,Gastrointestinal,57.11
1274,2025-10-31,Panadol,3,78.93,Analgesics,55.25
1275,2025-07-27,Ventolin,9,90.82,Respiratory,63.57
1276,2025-05-11,Insulin,8,131.18,Diabetes,91.83
1277,2025-06-01,Insulin,1,147.3,Diabetes,103.11
1278,2025-02-23,Panadol,6,67.06,Analgesics,46.94
1279,2025-04-30,Lipitor,9,125.85,Cholesterol,88.09
1280,2025-06-10,Amoxicillin,7,117.03,Antibiotics,81.92
1281,2025-04-26,Insulin,4,90.29,Diabetes,63.2
1282,2025-03-16,Nexium,1,143.85,Gastrointestinal,100.7
1283,2025-04-23,Nexium,2,38.07,Gastrointestinal,26.65
1284,2025-04-14,Insulin,5,25.3,Diabetes,17.71
1285,2025-12-06,Lipitor,5,129.55,Cholesterol,90.68
1286,2025-09-11,Lipitor,8,71.48,Cholesterol,50.04
1287,2025-08-15,Ventolin,6,128.58,Respiratory,90.01
1288,2025-04-22,Nexium,8,135.03,Gastrointestinal,94.52
1289,2025-04-09,Ventolin,2,18.74,Respiratory,13.12
1290,2025-06-02,Nexium,3,133.69,Gastrointestinal,93.58
1291,2025-12-15,Amoxicillin,6,72.76,Antibiotics,50.93
1292,2025-12-04,Amoxicillin,3,81.46,Antibiotics,57.02
1293,2025-07-13,Panadol,6,97.72,Analgesics,68.4
1294,2025-11-06,Ventolin,6,139.69,Respiratory,97.78
1295,2025-06-12,Insulin,2,12.68,Diabetes,8.88
1296,2025-07-27,Ventolin,7,76.76,Respiratory,53.73
1297,2025-06-18,Insulin,2,106.28,Diabetes,74.4
1298,2025-06-10,Lipitor,6,111.18,Cholesterol,77.83
1299,2025-03-09,Ventolin,1,106.95,Respiratory,74.86
1300,2025-10-16,Lipitor,3,28.82,Cholesterol,20.17
1301,2025-10-04,Amoxicillin,2,51.92,Antibiotics,36.34
1302,2025-10-31,Amoxicillin,7,60.22,Antibiotics,42.15
1303,2025-05-15,Panadol,4,122.62,Analgesics,85.83
1304,2025-07-14,Ventolin,8,49.03,Respiratory,34.32
1305,2025-05-08,Lipitor,6,39.5,Cholesterol,27.65
1306,2025-02-02,Insulin,4,144.04,Diabetes,100.83
1307,2025-06-25,Amoxicillin,5,11.24,Antibiotics,7.87
1308,2025-01-22,Amoxicillin,9,149.69,Antibiotics,104.78
1309,2025-08-26,Insulin,7,104.75,Diabetes,73.32
1310,2025-06-07,Lipitor,9,125.99,Cholesterol,88.19
1311,2025-02-07,Lipitor,7,51.25,Cholesterol,35.88
1312,2025-08-18,Ventolin,1,12.0,Respiratory,8.4
1313,2025-12-31,Ventolin,8,113.3,Respiratory,79.31
1314,2025-02-20,Nexium,4,126.78,Gastrointestinal,88.75
1315,2025-09-21,Nexium,3,113.67,Gastrointestinal,79.57
1316,2025-10-10,Panadol,7,30.0,Analgesics,21.0
1317,2025-01-27,Amoxicillin,3,115.48,Antibiotics,80.84
1318,2025-08-14,Ventolin,8,117.65,Respiratory,82.36
1319,2025-10-04,Lipitor,6,102.2,Cholesterol,71.54
1320,2025-10-13,Insulin,5,117.26,Diabetes,82.08
1321,2025-04-07,Lipitor,4,128.43,Cholesterol,89.9
1322,2025-10-11,Amoxicillin,8,95.9,Antibiotics,67.13
1323,2025-11-13,Nexium,8,22.4,Gastrointestinal,15.68
1324,2025-10-31,Lipitor,1,78.27,Cholesterol,54.79
1325,2025-05-27,Panadol,9,20.87,Analgesics,14.61
1326,2025-01-04,Amoxicillin,5,67.06,Antibiotics,46.94
1327,2025-02-04,Nexium,4,66.99,Gastrointestinal,46.89
1328,2025-07-11,Insulin,6,19.24,Diabetes,13.47
1329,2025-02-18,Nexium,6,58.83,Gastrointestinal,41.18
1330,2025-01-17,Panadol,2,25.54,Analgesics,17.88
1331,2025-06-21,Amoxicillin,8,123.15,Antibiotics,86.2
1332,2025-08-08,Insulin,7,142.68,Diabetes,99.88
1333,2025-06-07,Panadol,1,20.12,Analgesics,14.08
1334,2025-02-15,Nexium,5,143.72,Gastrointestinal,100.6
1335,2025-01-06,Panadol,6,83.16,Analgesics,58.21
1336,2025-04-09,Amoxicillin,4,51.94,Antibiotics,36.36
1337,2025-08-21,Ventolin,2,20.76,Respiratory,14.53
1338,2025-02-06,Panadol,4,80.09,Analgesics,56.06
1339,2025-10-07,Panadol,1,121.23,Analgesics,84.86
1340,2025-12-15,Nexium,7,108.99,Gastrointestinal,76.29
1341,2025-10-29,Nexium,2,17.03,Gastrointestinal,11.92
1342,2025-06-30,Insulin,2,20.21,Diabetes,14.15
1343,2025-04-05,Nexium,9,66.4,Gastrointestinal,46.48
1344,2025-04-09,Lipitor,5,51.34,Cholesterol,35.94
1345,2025-07-07,Amoxicillin,2,42.53,Antibiotics,29.77
1346,2025-04-26,Amoxicillin,9,49.34,Antibiotics,34.54
1347,2025-07-10,Ventolin,9,122.49,Respiratory,85.74
1348,2025-09-10,Ventolin,1,140.09,Respiratory,98.06
1349,2025-06-10,Amoxicillin,3,66.71,Antibiotics,46.7
1350,2025-09-13,Ventolin,4,136.86,Respiratory,95.8
1351,2025-11-19,Insulin,7,55.01,Diabetes,38.51
1352,2025-05-08,Nexium,4,76.7,Gastrointestinal,53.69
1353,2025-01-18,Amoxicillin,2,41.64,Antibiotics,29.15
1354,2025-10-08,Ventolin,7,99.67,Respiratory,69.77
1355,2025-08-11,Amoxicillin,6,147.06,Antibiotics,102.94
1356,2025-02-23,Lipitor,3,94.49,Cholesterol,66.14
1357,2025-02-27,Panadol,6,60.09,Analgesics,42.06
1358,2025-11-19,Nexium,6,100.69,Gastrointestinal,70.48
1359,2025-12-26,Amoxicillin,5,27.21,Antibiotics,19.05
1360,2025-06-23,Panadol,4,134.41,Analgesics,94.09
1361,2025-10-07,Ventolin,1,80.43,Respiratory,56.3
1362,2025-04-24,Panadol,6,72.91,Analgesics,51.04
1363,2025-10-15,Nexium,2,92.02,Gastrointestinal,64.41
1364,2025-12-08,Amoxicillin,3,97.47,Antibiotics,68.23
1365,2025-05-31,Lipitor,8,20.05,Cholesterol,14.04
1366,2025-05-07,Ventolin,6,105.57,Respiratory,73.9
1367,2025-06-04,Amoxicillin,3,43.87,Antibiotics,30.71
1368,2025-09-30,Nexium,7,109.95,Gastrointestinal,76.96
1369,2025-04-14,Ventolin,4,125.15,Respiratory,87.6
1370,2025-10-26,Insulin,9,122.55,Diabetes,85.78
1371,2025-09-03,Panadol,5,87.35,Analgesics,61.14
1372,2025-06-25,Nexium,3,82.82,Gastrointestinal,57.97
1373,2025-02-08,Insulin,2,30.0,Diabetes,21.0
1374,2025-06-19,Amoxicillin,2,118.55,Antibiotics,82.98
1375,2025-09-04,Lipitor,3,48.0,Cholesterol,33.6
1376,2025-01-26,Ventolin,2,79.54,Respiratory,55.68
1377,2025-12-21,Panadol,4,49.8,Analgesics,34.86
1378,2025-11-02,Ventolin,2,28.74,Respiratory,20.12
1379,2025-01-13,Amoxicillin,9,98.14,Antibiotics,68.7
1380,2025-11-12,Ventolin,2,17.61,Respiratory,12.33
1381,2025-11-09,Panadol,9,114.81,Analgesics,80.37
1382,2025-02-05,Amoxicillin,6,54.46,Antibiotics,38.12
1383,2025-06-22,Ventolin,1,10.02,Respiratory,7.01
1384,2025-01-20,Lipitor,4,81.56,Cholesterol,57.09
1385,2025-11-17,Nexium,1,16.56,Gastrointestinal,11.59
1386,2025-09-21,Amoxicillin,6,48.66,Antibiotics,34.06
1387,2025-05-22,Nexium,4,108.98,Gastrointestinal,76.29
1388,2025-05-23,Amoxicillin,3,18.78,Antibiotics,13.15
1389,2025-04-02,Lipitor,3,127.51,Cholesterol,89.26
1390,2025-12-20,Nexium,9,10.53,Gastrointestinal,7.37
1391,2025-11-18,Insulin,6,44.56,Diabetes,31.19
1392,2025-10-15,Panadol,9,113.73,Analgesics,79.61
1393,2025-08-03,Insulin,5,54.28,Diabetes,38.0
1394,2025-12-08,Ventolin,2,24.26,Respiratory,16.98
1395,2025-02-20,Lipitor,8,60.43,Cholesterol,42.3
1396,2025-06-02,Insulin,5,47.86,Diabetes,33.5
1397,2025-07-05,Amoxicillin,2,127.98,Antibiotics,89.59
1398,2025-03-04,Ventolin,4,53.87,Respiratory,37.71
1399,2025-07-09,Ventolin,9,120.45,Respiratory,84.32
1400,2025-05-05,Insulin,4,134.86,Diabetes,94.4
1401,2025-05-30,Insulin,4,70.73,Diabetes,49.51
1402,2025-11-10,Lipitor,2,137.39,Cholesterol,96.17
1403,2025-02-27,Panadol,6,62.82,Analgesics,43.97
1404,2025-12-08,Insulin,2,144.97,Diabetes,101.48
1405,2025-11-01,Insulin,7,22.5,Diabetes,15.75
1406,2025-06-29,Nexium,3,106.18,Gastrointestinal,74.33
1407,2025-06-19,Amoxicillin,3,79.13,Antibiotics,55.39
1408,2025-11-22,Nexium,5,64.27,Gastrointestinal,44.99
1409,2025-09-28,Nexium,3,98.58,Gastrointestinal,69.01
1410,2025-02-23,Ventolin,2,108.54,Respiratory,75.98
1411,2025-04-11,Panadol,9,10.61,Analgesics,7.43
1412,2025-09-21,Amoxicillin,2,33.37,Antibiotics,23.36
1413,2025-02-22,Lipitor,2,109.83,Cholesterol,76.88
1414,2025-03-01,Lipitor,8,103.29,Cholesterol,72.3
1415,2025-04-18,Insulin,9,145.25,Diabetes,101.68
1416,2025-01-05,Insulin,7,116.55,Diabetes,81.58
1417,2025-04-13,Lipitor,3,143.11,Cholesterol,100.18
1418,2025-07-15,Insulin,9,108.36,Diabetes,75.85
1419,2025-09-19,Panadol,3,51.73,Analgesics,36.21
1420,2025-12-31,Nexium,5,24.75,Gastrointestinal,17.32
1421,2025-12-16,Insulin,9,119.46,Diabetes,83.62
1422,2025-02-16,Ventolin,3,100.18,Respiratory,70.13
1423,2025-12-21,Insulin,7,16.75,Diabetes,11.72
1424,2025-11-07,Amoxicillin,1,60.41,Antibiotics,42.29
1425,2025-11-04,Panadol,4,143.95,Analgesics,100.76
1426,2025-05-24,Amoxicillin,4,80.06,Antibiotics,56.04
1427,2025-09-26,Amoxicillin,7,70.58,Antibiotics,49.41
1428,2025-05-04,Ventolin,8,74.08,Respiratory,51.86
1429,2025-04-16,Panadol,1,39.24,Analgesics,27.47
1430,2025-06-07,Panadol,5,61.62,Analgesics,43.13
1431,2025-05-27,Panadol,7,61.77,Analgesics,43.24
1432,2025-05-25,Panadol,4,17.33,Analgesics,12.13
1433,2025-04-30,Panadol,4,117.46,Analgesics,82.22
1434,2025-11-15,Ventolin,4,68.31,Respiratory,47.82
1435,2025-10-02,Insulin,6,125.11,Diabetes,87.58
1436,2025-04-02,Amoxicillin,7,129.05,Antibiotics,90.34
1437,2025-02-27,Panadol,2,39.68,Analgesics,27.78
1438,2025-12-12,Insulin,5,102.03,Diabetes,71.42
1439,2025-08-17,Insulin,4,76.12,Diabetes,53.28
1440,2025-04-27,Amoxicillin,3,133.22,Antibiotics,93.25
1441,2025-11-14,Ventolin,7,40.2,Respiratory,28.14
1442,2025-10-06,Lipitor,6,104.89,Cholesterol,73.42
1443,2025-05-07,Lipitor,7,95.09,Cholesterol,66.56
1444,2025-05-09,Insulin,5,51.34,Diabetes,35.94
1445,2025-02-27,Nexium,6,29.12,Gastrointestinal,20.38
1446,2025-05-02,Nexium,5,101.23,Gastrointestinal,70.86
1447,2025-01-01,Amoxicillin,7,113.4,Antibiotics,79.38
1448,2025-08-27,Lipitor,2,54.19,Cholesterol,37.93
1449,2025-10-17,Insulin,5,100.28,Diabetes,70.2
1450,2025-04-06,Ventolin,6,65.32,Respiratory,45.72
1451,2025-05-06,Lipitor,6,109.85,Cholesterol,76.9
1452,2025-04-28,Insulin,5,37.89,Diabetes,26.52
1453,2025-02-17,Insulin,7,134.63,Diabetes,94.24
1454,2025-03-30,Panadol,8,50.24,Analgesics,35.17
1455,2025-08-25,Ventolin,7,61.49,Respiratory,43.04
1456,2025-09-29,Panadol,5,18.13,Analgesics,12.69
1457,2025-07-08,Amoxicillin,1,25.61,Antibiotics,17.93
1458,2025-07-11,Panadol,5,82.22,Analgesics,57.55
1459,2025-03-10,Panadol,2,47.46,Analgesics,33.22
1460,2025-10-05,Lipitor,5,126.97,Cholesterol,88.88
1461,2025-12-15,Nexium,5,12.06,Gastrointestinal,8.44
1462,2025-09-04,Insulin,2,63.07,Diabetes,44.15
1463,2025-03-17,Ventolin,5,57.23,Respiratory,40.06
1464,2025-06-03,Panadol,4,12.71,Analgesics,8.9
1465,2025-05-24,Ventolin,1,27.41,Respiratory,19.19
1466,2025-03-27,Nexium,3,67.91,Gastrointestinal,47.54
1467,2025-07-04,Nexium,1,79.0,Gastrointestinal,55.3
1468,2025-10-12,Panadol,5,66.6,Analgesics,46.62
1469,2025-08-08,Amoxicillin,4,84.33,Antibiotics,59.03
1470,2025-03-10,Panadol,7,93.32,Analgesics,65.32
1471,2025-02-16,Lipitor,5,11.39,Cholesterol,7.97
1472,2025-04-04,Insulin,4,74.97,Diabetes,52.48
1473,2025-08-26,Amoxicillin,2,144.89,Antibiotics,101.42
1474,2025-07-23,Panadol,4,82.66,Analgesics,57.86
1475,2025-08-06,Ventolin,2,104.86,Respiratory,73.4
1476,2025-12-07,Amoxicillin,8,53.66,Antibiotics,37.56
1477,2025-02-08,Amoxicillin,3,118.36,Antibiotics,82.85
1478,2025-04-10,Panadol,9,118.21,Analgesics,82.75
1479,2025-10-16,Amoxicillin,4,82.98,Antibiotics,58.09
1480,2025-09-11,Ventolin,6,146.64,Respiratory,102.65
1481,2025-08-10,Nexium,5,27.58,Gastrointestinal,19.31
1482,2025-12-23,Amoxicillin,1,12.37,Antibiotics,8.66
1483,2025-01-23,Nexium,9,117.82,Gastrointestinal,82.47
1484,2025-09-07,Ventolin,1,123.0,Respiratory,86.1
1485,2025-01-10,Panadol,8,26.83,Analgesics,18.78
1486,2025-09-03,Insulin,9,47.18,Diabetes,33.03
1487,2025-11-21,Amoxicillin,9,12.46,Antibiotics,8.72
1488,2025-04-10,Insulin,1,51.06,Diabetes,35.74
1489,2025-10-17,Ventolin,2,118.24,Respiratory,82.77
1490,2025-06-29,Amoxicillin,1,82.51,Antibiotics,57.76
1491,2025-08-11,Nexium,2,58.73,Gastrointestinal,41.11
1492,2025-09-07,Lipitor,8,62.04,Cholesterol,43.43
1493,2025-05-27,Insulin,5,10.19,Diabetes,7.13
1494,2025-04-06,Amoxicillin,7,51.97,Antibiotics,36.38
1495,2025-09-14,Insulin,2,100.5,Diabetes,70.35
1496,2025-11-21,Amoxicillin,8,146.39,Antibiotics,102.47
1497,2025-01-04,Panadol,6,128.59,Analgesics,90.01
1498,2025-01-16,Nexium,8,13.3,Gastrointestinal,9.31
1499,2025-10-07,Insulin,1,135.8,Diabetes,95.06
1500,2025-12-02,Lipitor,1,119.65,Cholesterol,83.76
1501,2025-09-04,Lipitor,7,119.25,Cholesterol,83.48
1502,2025-09-15,Ventolin,8,74.12,Respiratory,51.88
1503,2025-06-09,Amoxicillin,3,65.72,Antibiotics,46.0
1504,2025-12-06,Insulin,5,52.41,Diabetes,36.69
1505,2025-06-01,Ventolin,1,19.2,Respiratory,13.44
1506,2025-06-27,Insulin,7,41.95,Diabetes,29.36
1507,2025-06-12,Amoxicillin,5,44.52,Antibiotics,31.16
1508,2025-02-02,Lipitor,8,77.77,Cholesterol,54.44
1509,2025-06-28,Panadol,8,114.64,Analgesics,80.25
1510,2025-04-11,Lipitor,9,76.33,Cholesterol,53.43
1511,2025-09-25,Ventolin,7,18.1,Respiratory,12.67
1512,2025-11-19,Nexium,1,144.09,Gastrointestinal,100.86
1513,2025-03-06,Panadol,3,141.98,Analgesics,99.39
1514,2025-06-17,Ventolin,8,119.93,Respiratory,83.95
1515,2025-11-26,Amoxicillin,3,148.79,Antibiotics,104.15
1516,2025-02-12,Panadol,8,86.23,Analgesics,60.36
1517,2025-02-13,Ventolin,1,144.79,Respiratory,101.35
1518,2025-10-12,Amoxicillin,5,20.58,Antibiotics,14.41
1519,2025-01-12,Lipitor,4,61.2,Cholesterol,42.84
1520,2025-04-05,Nexium,5,41.55,Gastrointestinal,29.08
1521,2025-10-29,Amoxicillin,8,37.42,Antibiotics,26.19
1522,2025-09-10,Insulin,4,29.71,Diabetes,20.8
1523,2025-08-30,Amoxicillin,4,97.14,Antibiotics,68.0
1524,2025-02-04,Amoxicillin,3,119.39,Antibiotics,83.57
1525,2025-08-03,Nexium,7,90.96,Gastrointestinal,63.67
1526,2025-12-03,Insulin,3,30.57,Diabetes,21.4
1527,2025-03-31,Ventolin,3,123.56,Respiratory,86.49
1528,2025-09-21,Ventolin,5,99.03,Respiratory,69.32
1529,2025-04-03,Amoxicillin,5,64.34,Antibiotics,45.04
1530,2025-03-31,Insulin,6,104.38,Diabetes,73.07
1531,2025-04-25,Insulin,8,46.39,Diabetes,32.47
1532,2025-04-15,Nexium,6,58.33,Gastrointestinal,40.83
1533,2025-07-15,Lipitor,1,138.45,Cholesterol,96.92
1534,2025-11-10,Ventolin,8,50.67,Respiratory,35.47
1535,2025-04-24,Nexium,8,75.8,Gastrointestinal,53.06
1536,2025-03-16,Panadol,9,134.62,Analgesics,94.23
1537,2025-08-05,Ventolin,9,109.08,Respiratory,76.36
1538,2025-10-04,Nexium,2,18.71,Gastrointestinal,13.1
1539,2025-09-06,Ventolin,2,30.62,Respiratory,21.43
1540,2025-06-13,Lipitor,3,11.1,Cholesterol,7.77
1541,2025-12-23,Panadol,1,98.33,Analgesics,68.83
1542,2025-07-11,Lipitor,4,72.67,Cholesterol,50.87
1543,2025-08-15,Panadol,4,28.8,Analgesics,20.16
1544,2025-06-26,Amoxicillin,9,144.11,Antibiotics,100.88
1545,2025-04-09,Nexium,9,84.15,Gastrointestinal,58.9
1546,2025-02-05,Panadol,9,43.87,Analgesics,30.71
1547,2025-04-06,Lipitor,7,80.08,Cholesterol,56.06
1548,2025-06-01,Ventolin,2,105.15,Respiratory,73.6
1549,2025-05-31,Panadol,5,20.67,Analgesics,14.47
1550,2025-07-09,Nexium,4,48.46,Gastrointestinal,33.92
1551,2025-08-12,Panadol,8,122.98,Analgesics,86.09
1552,2025-02-06,Insulin,2,74.35,Diabetes,52.04
1553,2025-09-25,Ventolin,6,86.52,Respiratory,60.56
1554,2025-07-02,Nexium,5,70.59,Gastrointestinal,49.41
1555,2025-01-13,Nexium,2,16.15,Gastrointestinal,11.3
1556,2025-10-06,Amoxicillin,1,33.2,Antibiotics,23.24
1557,2025-08-05,Lipitor,8,72.38,Cholesterol,50.67
1558,2025-12-21,Amoxicillin,2,39.29,Antibiotics,27.5
1559,2025-12-27,Nexium,7,17.0,Gastrointestinal,11.9
1560,2025-10-13,Ventolin,9,128.11,Respiratory,89.68
1561,2025-09-30,Panadol,9,147.37,Analgesics,103.16
1562,2025-03-03,Panadol,8,121.04,Analgesics,84.73
1563,2025-03-25,Ventolin,9,129.53,Respiratory,90.67
1564,2025-08-05,Nexium,2,43.88,Gastrointestinal,30.72
1565,2025-12-08,Panadol,6,144.49,Analgesics,101.14
1566,2025-07-06,Panadol,4,37.57,Analgesics,26.3
1567,2025-01-19,Panadol,4,143.2,Analgesics,100.24
1568,2025-06-26,Lipitor,5,149.27,Cholesterol,104.49
1569,2025-04-10,Lipitor,3,109.64,Cholesterol,76.75
1570,2025-08-21,Insulin,1,147.36,Diabetes,103.15
1571,2025-03-17,Amoxicillin,8,89.74,Antibiotics,62.82
1572,2025-09-22,Ventolin,5,46.34,Respiratory,32.44
1573,2025-10-11,Ventolin,3,71.18,Respiratory,49.83
1574,2025-07-25,Ventolin,7,93.1,Respiratory,65.17
1575,2025-08-11,Insulin,7,20.23,Diabetes,14.16
1576,2025-02-21,Lipitor,1,97.13,Cholesterol,67.99
1577,2025-12-05,Nexium,9,147.36,Gastrointestinal,103.15
1578,2025-05-24,Nexium,2,36.62,Gastrointestinal,25.63
1579,2025-03-10,Insulin,5,120.96,Diabetes,84.67
1580,2025-04-09,Nexium,5,137.11,Gastrointestinal,95.98
1581,2025-01-25,Ventolin,8,142.12,Respiratory,99.48
1582,2025-02-22,Amoxicillin,8,144.42,Antibiotics,101.09
1583,2025-05-31,Panadol,7,83.0,Analgesics,58.1
1584,2025-05-24,Lipitor,7,146.82,Cholesterol,102.77
1585,2025-02-26,Lipitor,6,116.02,Cholesterol,81.21
1586,2025-02-08,Insulin,6,32.63,Diabetes,22.84
1587,2025-04-19,Lipitor,9,76.77,Cholesterol,53.74
1588,2025-06-30,Ventolin,6,110.57,Respiratory,77.4
1589,2025-02-11,Nexium,2,44.63,Gastrointestinal,31.24
1590,2025-07-05,Ventolin,2,99.69,Respiratory,69.78
1591,2025-08-11,Insulin,5,103.32,Diabetes,72.32
1592,2025-05-02,Ventolin,4,32.78,Respiratory,22.95
1593,2025-05-13,Nexium,2,89.11,Gastrointestinal,62.38
1594,2025-06-12,Amoxicillin,3,118.03,Antibiotics,82.62
1595,2025-08-03,Insulin,7,79.85,Diabetes,55.9
1596,2025-08-09,Amoxicillin,8,11.69,Antibiotics,8.18
1597,2025-08-23,Panadol,6,11.27,Analgesics,7.89
1598,2025-11-27,Amoxicillin,5,59.98,Antibiotics,41.99
1599,2025-05-26,Panadol,1,139.67,Analgesics,97.77
1600,2025-08-27,Panadol,8,42.01,Analgesics,29.41
1601,2025-03-17,Amoxicillin,3,98.81,Antibiotics,69.17
1602,2025-01-09,Insulin,6,41.09,Diabetes,28.76
1603,2025-03-15,Nexium,3,55.03,Gastrointestinal,38.52
1604,2025-09-10,Ventolin,7,128.73,Respiratory,90.11
1605,2025-08-18,Ventolin,7,112.04,Respiratory,78.43
1606,2025-01-07,Nexium,9,23.36,Gastrointestinal,16.35
1607,2025-06-23,Panadol,5,70.02,Analgesics,49.01
1608,2025-05-21,Panadol,8,14.08,Analgesics,9.86
1609,2025-06-17,Insulin,8,77.32,Diabetes,54.12
1610,2025-06-19,Lipitor,1,102.74,Cholesterol,71.92
1611,2025-10-10,Amoxicillin,5,26.59,Antibiotics,18.61
1612,2025-05-02,Panadol,3,50.44,Analgesics,35.31
1613,2025-07-13,Ventolin,1,65.7,Respiratory,45.99
1614,2025-01-05,Insulin,4,138.73,Diabetes,97.11
1615,2025-01-29,Amoxicillin,8,149.06,Antibiotics,104.34
1616,2025-06-14,Insulin,3,16.29,Diabetes,11.4
1617,2025-12-05,Amoxicillin,2,116.54,Antibiotics,81.58
1618,2025-05-16,Amoxicillin,9,62.04,Antibiotics,43.43
1619,2025-12-31,Nexium,5,64.94,Gastrointestinal,45.46
1620,2025-11-17,Panadol,7,115.6,Analgesics,80.92
1621,2025-12-08,Insulin,2,138.58,Diabetes,97.01
1622,2025-05-25,Insulin,9,143.13,Diabetes,100.19
1623,2025-11-23,Nexium,9,90.8,Gastrointestinal,63.56
1624,2025-08-05,Ventolin,4,60.0,Respiratory,42.0
1625,2025-10-28,Ventolin,4,120.26,Respiratory,84.18
1626,2025-05-12,Panadol,6,45.14,Analgesics,31.6
1627,2025-10-19,Panadol,6,88.97,Analgesics,62.28
1628,2025-03-11,Lipitor,1,60.2,Cholesterol,42.14
1629,2025-09-09,Nexium,9,101.93,Gastrointestinal,71.35
1630,2025-10-02,Ventolin,2,43.66,Respiratory,30.56
1631,2025-12-30,Amoxicillin,5,36.82,Antibiotics,25.77
1632,2025-07-01,Insulin,9,138.55,Diabetes,96.98
1633,2025-06-16,Panadol,4,24.25,Analgesics,16.97
1634,2025-04-01,Insulin,3,80.83,Diabetes,56.58
1635,2025-07-21,Insulin,7,40.92,Diabetes,28.64
1636,2025-12-12,Lipitor,6,15.45,Cholesterol,10.82
1637,2025-01-19,Ventolin,8,15.04,Respiratory,10.53
1638,2025-02-08,Panadol,3,34.53,Analgesics,24.17
1639,2025-05-06,Insulin,5,131.35,Diabetes,91.94
1640,2025-06-22,Panadol,4,49.55,Analgesics,34.68
1641,2025-05-21,Amoxicillin,4,143.06,Antibiotics,100.14
1642,2025-08-30,Lipitor,4,91.43,Cholesterol,64.0
1643,2025-08-08,Amoxicillin,8,71.13,Antibiotics,49.79
1644,2025-05-06,Panadol,6,91.21,Analgesics,63.85
1645,2025-02-27,Panadol,3,82.34,Analgesics,57.64
1646,2025-05-28,Ventolin,5,116.23,Respiratory,81.36
1647,2025-11-13,Insulin,6,49.55,Diabetes,34.68
1648,2025-12-27,Insulin,5,59.43,Diabetes,41.6
1649,2025-01-01,Amoxicillin,6,135.17,Antibiotics,94.62
1650,2025-12-14,Lipitor,8,142.5,Cholesterol,99.75
1651,2025-07-09,Nexium,7,134.96,Gastrointestinal,94.47
1652,2025-07-10,Insulin,5,68.72,Diabetes,48.1
1653,2025-11-08,Ventolin,6,119.25,Respiratory,83.48
1654,2025-04-27,Amoxicillin,4,76.69,Antibiotics,53.68
1655,2025-05-14,Amoxicillin,9,79.66,Antibiotics,55.76
1656,2025-02-27,Nexium,4,38.66,Gastrointestinal,27.06
1657,2025-02-13,Ventolin,1,92.76,Respiratory,64.93
1658,2025-06-22,Lipitor,7,36.06,Cholesterol,25.24
1659,2025-06-09,Ventolin,7,56.42,Respiratory,39.49
1660,2025-06-22,Lipitor,4,129.7,Cholesterol,90.79
1661,2025-11-13,Ventolin,3,38.99,Respiratory,27.29
1662,2025-10-30,Ventolin,8,19.96,Respiratory,13.97
1663,2025-05-29,Panadol,5,19.66,Analgesics,13.76
1664,2025-03-21,Amoxicillin,7,141.71,Antibiotics,99.2
1665,2025-08-01,Ventolin,4,80.97,Respiratory,56.68
1666,2025-07-22,Nexium,4,67.32,Gastrointestinal,47.12
1667,2025-09-09,Ventolin,8,123.52,Respiratory,86.46
1668,2025-08-17,Insulin,8,127.02,Diabetes,88.91
1669,2025-06-13,Amoxicillin,2,56.51,Antibiotics,39.56
1670,2025-08-15,Insulin,2,107.11,Diabetes,74.98
1671,2025-05-27,Amoxicillin,3,117.96,Antibiotics,82.57
1672,2025-01-20,Insulin,3,101.65,Diabetes,71.16
1673,2025-02-16,Ventolin,1,31.22,Respiratory,21.85
1674,2025-08-21,Ventolin,3,132.62,Respiratory,92.83
1675,2025-11-01,Panadol,6,85.47,Analgesics,59.83
1676,2025-01-14,Nexium,8,49.55,Gastrointestinal,34.68
1677,2025-05-23,Insulin,6,69.53,Diabetes,48.67
1678,2025-01-01,Lipitor,5,15.26,Cholesterol,10.68
1679,2025-02-23,Panadol,4,27.9,Analgesics,19.53
1680,2025-09-16,Insulin,3,117.18,Diabetes,82.03
1681,2025-05-24,Insulin,4,10.0,Diabetes,7.0
1682,2025-01-12,Panadol,7,68.32,Analgesics,47.82
1683,2025-11-26,Ventolin,1,83.15,Respiratory,58.2
1684,2025-08-12,Insulin,7,17.65,Diabetes,12.35
1685,2025-09-29,Ventolin,1,146.23,Respiratory,102.36
1686,2025-12-24,Panadol,2,41.66,Analgesics,29.16
1687,2025-06-05,Ventolin,4,52.59,Respiratory,36.81
1688,2025-01-08,Amoxicillin,1,52.55,Antibiotics,36.78
1689,2025-05-02,Lipitor,9,42.26,Cholesterol,29.58
1690,2025-12-14,Insulin,6,10.21,Diabetes,7.15
1691,2025-06-13,Nexium,1,112.11,Gastrointestinal,78.48
1692,2025-03-31,Lipitor,1,145.36,Cholesterol,101.75
1693,2025-05-16,Ventolin,6,41.4,Respiratory,28.98
1694,2025-07-05,Insulin,4,102.83,Diabetes,71.98
1695,2025-11-12,Ventolin,4,113.87,Respiratory,79.71
1696,2025-06-27,Amoxicillin,6,128.78,Antibiotics,90.15
1697,2025-01-28,Panadol,7,69.17,Analgesics,48.42
1698,2025-08-08,Insulin,9,52.41,Diabetes,36.69
1699,2025-12-23,Amoxicillin,5,55.54,Antibiotics,38.88
1700,2025-02-10,Amoxicillin,9,109.77,Antibiotics,76.84
1701,2025-08-16,Insulin,4,124.35,Diabetes,87.04
1702,2025-07-11,Ventolin,2,35.43,Respiratory,24.8
1703,2025-05-25,Nexium,3,61.93,Gastrointestinal,43.35
1704,2025-07-20,Amoxicillin,1,136.27,Antibiotics,95.39
1705,2025-07-31,Lipitor,6,122.94,Cholesterol,86.06
1706,2025-08-08,Amoxicillin,6,147.88,Antibiotics,103.52
1707,2025-08-28,Nexium,1,115.59,Gastrointestinal,80.91
1708,2025-02-15,Ventolin,3,65.05,Respiratory,45.54
1709,2025-02-04,Ventolin,5,92.69,Respiratory,64.88
1710,2025-09-10,Lipitor,3,102.54,Cholesterol,71.78
1711,2025-03-23,Amoxicillin,3,20.98,Antibiotics,14.69
1712,2025-09-13,Ventolin,3,86.23,Respiratory,60.36
1713,2025-07-16,Nexium,5,109.3,Gastrointestinal,76.51
1714,2025-10-30,Insulin,5,33.42,Diabetes,23.39
1715,2025-01-10,Panadol,4,119.29,Analgesics,83.5
1716,2025-11-08,Panadol,1,91.73,Analgesics,64.21
1717,2025-10-13,Panadol,5,143.31,Analgesics,100.32
1718,2025-08-30,Amoxicillin,5,15.94,Antibiotics,11.16
1719,2025-09-08,Lipitor,4,47.15,Cholesterol,33.0
1720,2025-12-31,Ventolin,6,94.22,Respiratory,65.95
1721,2025-01-05,Insulin,4,51.52,Diabetes,36.06
1722,2025-04-29,Nexium,7,110.02,Gastrointestinal,77.01
1723,2025-10-16,Insulin,7,116.26,Diabetes,81.38
1724,2025-03-06,Nexium,2,24.35,Gastrointestinal,17.04
1725,2025-05-26,Amoxicillin,3,81.94,Antibiotics,57.36
1726,2025-08-12,Panadol,1,81.24,Analgesics,56.87
1727,2025-08-27,Amoxicillin,8,61.7,Antibiotics,43.19
1728,2025-06-26,Lipitor,9,140.61,Cholesterol,98.43
1729,2025-09-24,Lipitor,4,125.85,Cholesterol,88.09
1730,2025-12-07,Nexium,6,107.61,Gastrointestinal,75.33
1731,2025-10-09,Ventolin,9,110.01,Respiratory,77.01
1732,2025-03-04,Ventolin,6,74.64,Respiratory,52.25
1733,2025-08-05,Nexium,9,138.94,Gastrointestinal,97.26
1734,2025-12-08,Lipitor,4,107.24,Cholesterol,75.07
1735,2025-11-11,Lipitor,8,112.06,Cholesterol,78.44
1736,2025-10-10,Lipitor,9,130.64,Cholesterol,91.45
1737,2025-06-26,Amoxicillin,4,48.37,Antibiotics,33.86
1738,2025-04-08,Lipitor,5,122.99,Cholesterol,86.09
1739,2025-04-15,Insulin,8,37.33,Diabetes,26.13
1740,2025-04-09,Panadol,6,58.35,Analgesics,40.84
1741,2025-11-07,Lipitor,7,56.99,Cholesterol,39.89
1742,2025-01-06,Nexium,3,146.99,Gastrointestinal,102.89
1743,2025-07-16,Panadol,7,129.92,Analgesics,90.94
1744,2025-12-17,Amoxicillin,8,108.16,Antibiotics,75.71
1745,2025-05-13,Nexium,6,111.79,Gastrointestinal,78.25
1746,2025-12-24,Panadol,9,88.69,Analgesics,62.08
1747,2025-09-16,Nexium,6,142.59,Gastrointestinal,99.81
1748,2025-01-23,Amoxicillin,9,79.48,Antibiotics,55.64
1749,2025-02-22,Insulin,4,63.27,Diabetes,44.29
1750,2025-06-14,Amoxicillin,8,32.82,Antibiotics,22.97
1751,2025-07-21,Amoxicillin,4,120.07,Antibiotics,84.05
1752,2025-03-24,Nexium,2,112.82,Gastrointestinal,78.97
1753,2025-05-25,Ventolin,9,63.81,Respiratory,44.67
1754,2025-03-26,Lipitor,5,13.53,Cholesterol,9.47
1755,2025-03-19,Lipitor,4,127.46,Cholesterol,89.22
1756,2025-01-01,Insulin,2,11.6,Diabetes,8.12
1757,2025-02-20,Insulin,1,108.52,Diabetes,75.96
1758,2025-06-22,Lipitor,7,145.84,Cholesterol,102.09
1759,2025-07-24,Ventolin,6,71.27,Respiratory,49.89
1760,2025-09-17,Lipitor,2,42.9,Cholesterol,30.03
1761,2025-10-15,Ventolin,8,108.68,Respiratory,76.08
1762,2025-02-03,Insulin,4,124.4,Diabetes,87.08
1763,2025-12-14,Panadol,8,86.5,Analgesics,60.55
1764,2025-04-05,Nexium,7,145.38,Gastrointestinal,101.77
1765,2025-03-13,Insulin,5,17.23,Diabetes,12.06
1766,2025-02-08,Insulin,8,80.67,Diabetes,56.47
1767,2025-06-03,Amoxicillin,9,110.58,Antibiotics,77.41
1768,2025-09-07,Amoxicillin,5,130.77,Antibiotics,91.54
1769,2025-06-11,Amoxicillin,5,35.1,Antibiotics,24.57
1770,2025-04-28,Nexium,2,122.0,Gastrointestinal,85.4
1771,2025-09-16,Amoxicillin,5,87.38,Antibiotics,61.17
1772,2025-11-02,Ventolin,3,65.52,Respiratory,45.86
1773,2025-09-25,Lipitor,7,28.44,Cholesterol,19.91
1774,2025-02-23,Panadol,5,131.14,Analgesics,91.8
1775,2025-08-24,Insulin,8,32.02,Diabetes,22.41
1776,2025-08-10,Ventolin,1,53.37,Respiratory,37.36
1777,2025-09-08,Panadol,3,50.61,Analgesics,35.43
1778,2025-11-09,Ventolin,3,132.0,Respiratory,92.4
1779,2025-04-22,Ventolin,9,104.18,Respiratory,72.93
1780,2025-09-12,Insulin,5,121.54,Diabetes,85.08
1781,2025-10-30,Lipitor,9,45.07,Cholesterol,31.55
1782,2025-07-26,Amoxicillin,9,97.48,Antibiotics,68.24
1783,2025-08-17,Nexium,1,90.04,Gastrointestinal,63.03
1784,2025-12-07,Lipitor,2,126.6,Cholesterol,88.62
1785,2025-03-07,Nexium,5,136.85,Gastrointestinal,95.79
1786,2025-03-16,Insulin,4,11.7,Diabetes,8.19
1787,2025-04-13,Insulin,9,104.36,Diabetes,73.05
1788,2025-07-11,Insulin,7,17.26,Diabetes,12.08
1789,2025-09-09,Panadol,6,86.84,Analgesics,60.79
1790,2025-08-14,Nexium,7,50.27,Gastrointestinal,35.19
1791,2025-10-21,Lipitor,1,52.95,Cholesterol,37.06
1792,2025-11-02,Lipitor,1,59.41,Cholesterol,41.59
1793,2025-04-08,Ventolin,8,96.98,Respiratory,67.89
1794,2025-12-04,Ventolin,2,56.77,Respiratory,39.74
1795,2025-10-13,Ventolin,9,112.58,Respiratory,78.81
1796,2025-12-01,Insulin,7,66.63,Diabetes,46.64
1797,2025-12-13,Lipitor,6,19.57,Cholesterol,13.7
1798,2025-11-04,Nexium,1,119.73,Gastrointestinal,83.81
1799,2025-09-06,Insulin,1,50.01,Diabetes,35.01
1800,2025-06-15,Panadol,2,70.59,Analgesics,49.41
1801,2025-12-01,Ventolin,6,105.96,Respiratory,74.17
1802,2025-01-30,Insulin,6,56.54,Diabetes,39.58
1803,2025-09-04,Insulin,2,17.92,Diabetes,12.54
1804,2025-04-16,Panadol,1,62.35,Analgesics,43.64
1805,2025-02-20,Amoxicillin,5,142.22,Antibiotics,99.55
1806,2025-03-22,Lipitor,5,99.84,Cholesterol,69.89
1807,2025-05-13,Nexium,2,104.01,Gastrointestinal,72.81
1808,2025-10-12,Amoxicillin,6,98.52,Antibiotics,68.96
1809,2025-05-18,Ventolin,9,37.86,Respiratory,26.5
1810,2025-07-03,Insulin,2,68.57,Diabetes,48.0
1811,2025-11-26,Panadol,2,115.13,Analgesics,80.59
1812,2025-09-30,Panadol,3,24.19,Analgesics,16.93
1813,2025-12-06,Lipitor,7,48.9,Cholesterol,34.23
1814,2025-03-10,Amoxicillin,6,48.68,Antibiotics,34.08
1815,2025-02-03,Lipitor,8,70.48,Cholesterol,49.34
1816,2025-09-19,Insulin,8,147.25,Diabetes,103.07
1817,2025-02-22,Lipitor,6,19.45,Cholesterol,13.61
1818,2025-07-24,Nexium,3,82.62,Gastrointestinal,57.83
1819,2025-05-06,Panadol,3,35.11,Analgesics,24.58
1820,2025-08-23,Panadol,1,145.89,Analgesics,102.12
1821,2025-02-12,Ventolin,7,25.86,Respiratory,18.1
1822,2025-08-28,Ventolin,5,66.5,Respiratory,46.55
1823,2025-04-21,Insulin,4,113.3,Diabetes,79.31
1824,2025-09-06,Nexium,4,108.64,Gastrointestinal,76.05
1825,2025-05-31,Amoxicillin,4,69.18,Antibiotics,48.43
1826,2025-07-02,Lipitor,6,58.51,Cholesterol,40.96
1827,2025-12-02,Insulin,8,65.67,Diabetes,45.97
1828,2025-04-05,Ventolin,8,47.0,Respiratory,32.9
1829,2025-01-08,Lipitor,5,38.75,Cholesterol,27.12
1830,2025-12-26,Ventolin,6,77.63,Respiratory,54.34
1831,2025-07-03,Lipitor,4,47.59,Cholesterol,33.31
1832,2025-10-08,Amoxicillin,9,50.24,Antibiotics,35.17
1833,2025-07-14,Insulin,8,101.95,Diabetes,71.36
1834,2025-12-18,Lipitor,1,145.6,Cholesterol,101.92
1835,2025-07-14,Nexium,2,94.51,Gastrointestinal,66.16
1836,2025-06-04,Panadol,9,20.78,Analgesics,14.55
1837,2025-04-03,Nexium,8,20.58,Gastrointestinal,14.41
1838,2025-06-09,Nexium,3,143.2,Gastrointestinal,100.24
1839,2025-03-02,Panadol,8,51.62,Analgesics,36.13
1840,2025-05-02,Nexium,1,22.89,Gastrointestinal,16.02
1841,2025-02-20,Lipitor,4,93.87,Cholesterol,65.71
1842,2025-10-04,Lipitor,3,97.31,Cholesterol,68.12
1843,2025-01-05,Lipitor,6,100.79,Cholesterol,70.55
1844,2025-04-02,Panadol,7,47.44,Analgesics,33.21
1845,2025-06-19,Nexium,4,12.12,Gastrointestinal,8.48
1846,2025-11-13,Panadol,7,145.1,Analgesics,101.57
1847,2025-01-22,Lipitor,9,45.13,Cholesterol,31.59
1848,2025-11-22,Nexium,2,104.64,Gastrointestinal,73.25
1849,2025-01-01,Nexium,3,108.93,Gastrointestinal,76.25
1850,2025-05-13,Ventolin,5,95.4,Respiratory,66.78
1851,2025-08-21,Ventolin,3,53.81,Respiratory,37.67
1852,2025-01-12,Amoxicillin,8,47.95,Antibiotics,33.56
1853,2025-12-12,Insulin,8,93.67,Diabetes,65.57
1854,2025-02-15,Ventolin,8,131.25,Respiratory,91.88
1855,2025-02-03,Panadol,9,142.54,Analgesics,99.78
1856,2025-03-19,Ventolin,4,24.83,Respiratory,17.38
1857,2025-08-06,Amoxicillin,5,31.68,Antibiotics,22.18
1858,2025-10-28,Nexium,5,142.26,Gastrointestinal,99.58
1859,2025-03-14,Amoxicillin,8,113.11,Antibiotics,79.18
1860,2025-10-09,Nexium,7,133.62,Gastrointestinal,93.53
1861,2025-09-06,Nexium,9,38.37,Gastrointestinal,26.86
1862,2025-02-16,Insulin,8,92.26,Diabetes,64.58
1863,2025-05-01,Ventolin,2,108.16,Respiratory,75.71
1864,2025-08-02,Panadol,4,105.22,Analgesics,73.65
1865,2025-08-27,Panadol,6,67.14,Analgesics,47.0
1866,2025-02-25,Lipitor,2,12.16,Cholesterol,8.51
1867,2025-12-16,Nexium,7,91.61,Gastrointestinal,64.13
1868,2025-04-17,Panadol,3,45.43,Analgesics,31.8
1869,2025-11-15,Insulin,3,73.04,Diabetes,51.13
1870,2025-02-17,Nexium,2,144.06,Gastrointestinal,100.84
1871,2025-03-02,Insulin,8,65.86,Diabetes,46.1
1872,2025-12-03,Panadol,6,127.57,Analgesics,89.3
1873,2025-01-26,Panadol,1,36.4,Analgesics,25.48
1874,2025-10-19,Lipitor,1,104.14,Cholesterol,72.9
1875,2025-09-14,Panadol,7,146.78,Analgesics,102.75
1876,2025-01-08,Nexium,8,24.27,Gastrointestinal,16.99
1877,2025-04-23,Nexium,5,11.16,Gastrointestinal,7.81
1878,2025-12-21,Nexium,5,70.7,Gastrointestinal,49.49
1879,2025-09-10,Lipitor,4,22.97,Cholesterol,16.08
1880,2025-06-29,Lipitor,6,114.77,Cholesterol,80.34
1881,2025-07-26,Panadol,6,138.04,Analgesics,96.63
1882,2025-10-30,Amoxicillin,3,70.76,Antibiotics,49.53
1883,2025-05-07,Amoxicillin,9,46.22,Antibiotics,32.35
1884,2025-02-25,Lipitor,7,70.82,Cholesterol,49.57
1885,2025-08-02,Panadol,1,111.28,Analgesics,77.9
1886,2025-01-14,Amoxicillin,7,11.27,Antibiotics,7.89
1887,2025-01-28,Panadol,5,92.52,Analgesics,64.76
1888,2025-03-19,Panadol,5,95.86,Analgesics,67.1
1889,2025-08-04,Panadol,2,99.28,Analgesics,69.5
1890,2025-12-31,Ventolin,4,43.88,Respiratory,30.72
1891,2025-06-03,Nexium,6,109.97,Gastrointestinal,76.98
1892,2025-01-14,Panadol,7,22.79,Analgesics,15.95
1893,2025-07-06,Ventolin,5,37.9,Respiratory,26.53
1894,2025-11-08,Lipitor,9,132.85,Cholesterol,92.99
1895,2025-01-07,Amoxicillin,3,113.42,Antibiotics,79.39
1896,2025-01-03,Nexium,1,11.92,Gastrointestinal,8.34
1897,2025-04-21,Amoxicillin,4,44.77,Antibiotics,31.34
1898,2025-08-26,Nexium,9,40.02,Gastrointestinal,28.01
1899,2025-12-29,Amoxicillin,4,47.91,Antibiotics,33.54
1900,2025-08-27,Nexium,2,44.66,Gastrointestinal,31.26
1901,2025-10-01,Amoxicillin,5,18.75,Antibiotics,13.12
1902,2025-10-21,Amoxicillin,3,74.25,Antibiotics,51.97
1903,2025-08-15,Amoxicillin,9,112.58,Antibiotics,78.81
1904,2025-01-15,Amoxicillin,4,94.94,Antibiotics,66.46
1905,2025-07-11,Lipitor,6,104.2,Cholesterol,72.94
1906,2025-04-29,Panadol,2,21.36,Analgesics,14.95
1907,2025-01-28,Insulin,6,143.21,Diabetes,100.25
1908,2025-07-21,Ventolin,3,127.39,Respiratory,89.17
1909,2025-02-08,Insulin,9,122.71,Diabetes,85.9
1910,2025-09-30,Insulin,2,125.22,Diabetes,87.65
1911,2025-08-19,Nexium,9,140.58,Gastrointestinal,98.41
1912,2025-03-27,Panadol,5,86.2,Analgesics,60.34
1913,2025-05-06,Nexium,8,38.04,Gastrointestinal,26.63
1914,2025-10-27,Panadol,2,96.35,Analgesics,67.44
1915,2025-01-25,Panadol,6,114.0,Analgesics,79.8
1916,2025-05-25,Amoxicillin,3,113.31,Antibiotics,79.32
1917,2025-01-13,Lipitor,5,83.0,Cholesterol,58.1
1918,2025-07-31,Amoxicillin,8,19.58,Antibiotics,13.71
1919,2025-01-25,Lipitor,1,61.96,Cholesterol,43.37
1920,2025-03-09,Nexium,5,138.91,Gastrointestinal,97.24
1921,2025-03-08,Lipitor,3,91.82,Cholesterol,64.27
1922,2025-08-21,Nexium,4,85.37,Gastrointestinal,59.76
1923,2025-04-19,Insulin,2,47.64,Diabetes,33.35
1924,2025-05-26,Insulin,9,61.58,Diabetes,43.11
1925,2025-04-21,Lipitor,3,135.35,Cholesterol,94.74
1926,2025-08-16,Lipitor,2,103.3,Cholesterol,72.31
1927,2025-04-21,Nexium,9,120.23,Gastrointestinal,84.16
1928,2025-02-03,Amoxicillin,7,73.61,Antibiotics,51.53
1929,2025-04-21,Nexium,6,98.23,Gastrointestinal,68.76
1930,2025-09-21,Amoxicillin,1,44.77,Antibiotics,31.34
1931,2025-08-24,Insulin,5,108.76,Diabetes,76.13
1932,2025-03-24,Panadol,3,69.86,Analgesics,48.9
1933,2025-02-11,Lipitor,1,71.96,Cholesterol,50.37
1934,2025-04-11,Amoxicillin,4,100.91,Antibiotics,70.64
1935,2025-01-06,Nexium,2,141.08,Gastrointestinal,98.76
1936,2025-06-29,Insulin,2,18.96,Diabetes,13.27
1937,2025-10-09,Amoxicillin,3,125.46,Antibiotics,87.82
1938,2025-11-16,Nexium,8,50.93,Gastrointestinal,35.65
1939,2025-08-14,Lipitor,8,72.15,Cholesterol,50.5
1940,2025-11-11,Lipitor,7,13.07,Cholesterol,9.15
1941,2025-12-31,Ventolin,6,52.15,Respiratory,36.5
1942,2025-08-17,Panadol,9,80.37,Analgesics,56.26
1943,2025-10-16,Ventolin,4,17.86,Respiratory,12.5
1944,2025-05-30,Insulin,1,78.75,Diabetes,55.12
1945,2025-10-04,Amoxicillin,8,139.8,Antibiotics,97.86
1946,2025-07-17,Insulin,7,24.76,Diabetes,17.33
1947,2025-03-11,Nexium,7,117.02,Gastrointestinal,81.91
1948,2025-04-22,Lipitor,3,67.35,Cholesterol,47.14
1949,2025-01-04,Ventolin,4,101.72,Respiratory,71.2
1950,2025-12-16,Ventolin,9,46.43,Respiratory,32.5
1951,2025-11-27,Ventolin,6,32.33,Respiratory,22.63
1952,2025-11-14,Insulin,5,32.46,Diabetes,22.72
1953,2025-12-16,Lipitor,3,19.87,Cholesterol,13.91
1954,2025-04-05,Amoxicillin,9,35.99,Antibiotics,25.19
1955,2025-06-01,Nexium,5,102.99,Gastrointestinal,72.09
1956,2025-11-07,Amoxicillin,5,133.44,Antibiotics,93.41
1957,2025-05-17,Insulin,4,123.98,Diabetes,86.79
1958,2025-09-04,Nexium,4,105.92,Gastrointestinal,74.14
1959,2025-08-31,Ventolin,1,25.46,Respiratory,17.82
1960,2025-01-31,Panadol,7,50.49,Analgesics,35.34
1961,2025-02-09,Insulin,9,53.37,Diabetes,37.36
1962,2025-08-17,Insulin,3,44.99,Diabetes,31.49
1963,2025-02-05,Lipitor,2,82.1,Cholesterol,57.47
1964,2025-08-11,Amoxicillin,3,84.98,Antibiotics,59.49
1965,2025-01-06,Insulin,1,59.96,Diabetes,41.97
1966,2025-11-18,Insulin,6,59.53,Diabetes,41.67
1967,2025-08-08,Ventolin,7,126.0,Respiratory,88.2
1968,2025-03-16,Ventolin,2,120.5,Respiratory,84.35
1969,2025-01-04,Nexium,8,53.09,Gastrointestinal,37.16
1970,2025-12-01,Panadol,6,137.93,Analgesics,96.55
1971,2025-05-14,Lipitor,4,143.39,Cholesterol,100.37
1972,2025-04-28,Panadol,5,55.74,Analgesics,39.02
1973,2025-04-04,Nexium,8,59.62,Gastrointestinal,41.73
1974,2025-03-03,Ventolin,3,80.79,Respiratory,56.55
1975,2025-07-13,Amoxicillin,3,141.76,Antibiotics,99.23
1976,2025-12-01,Ventolin,4,132.68,Respiratory,92.88
1977,2025-07-22,Lipitor,1,24.36,Cholesterol,17.05
1978,2025-01-26,Ventolin,9,64.98,Respiratory,45.49
1979,2025-06-22,Lipitor,8,87.47,Cholesterol,61.23
1980,2025-10-27,Lipitor,8,80.44,Cholesterol,56.31
1981,2025-05-13,Lipitor,6,37.14,Cholesterol,26.0
1982,2025-11-22,Nexium,7,130.23,Gastrointestinal,91.16
1983,2025-04-28,Lipitor,6,104.77,Cholesterol,73.34
1984,2025-11-20,Lipitor,9,127.31,Cholesterol,89.12
1985,2025-10-02,Amoxicillin,3,130.23,Antibiotics,91.16
1986,2025-07-31,Panadol,3,114.77,Analgesics,80.34
1987,2025-08-13,Insulin,3,71.49,Diabetes,50.04
1988,2025-01-20,Panadol,3,95.48,Analgesics,66.84
1989,2025-04-23,Lipitor,9,32.45,Cholesterol,22.72
1990,2025-05-20,Amoxicillin,4,104.31,Antibiotics,73.02
1991,2025-02-16,Ventolin,7,35.1,Respiratory,24.57
1992,2025-01-01,Amoxicillin,9,107.15,Antibiotics,75.0
1993,2025-03-31,Lipitor,7,42.14,Cholesterol,29.5
1994,2025-05-22,Amoxicillin,9,26.46,Antibiotics,18.52
1995,2025-11-16,Amoxicillin,3,33.14,Antibiotics,23.2
1996,2025-02-07,Lipitor,4,10.28,Cholesterol,7.2
1997,2025-10-20,Nexium,8,110.62,Gastrointestinal,77.43
1998,2025-05-19,Amoxicillin,6,112.54,Antibiotics,78.78
1999,2025-12-22,Insulin,5,82.09,Diabetes,57.46
2000,2025-11-29,Insulin,4,32.59,Diabetes,22.81
